INSERT INTO Aluno VALUES(1, 'José', '11111111111','20220820'),
						(2, 'Carlos', '22222222222','20220720'),
						(3, 'Marcos', '33333333333','20220620'),
                        (4, 'Patricia', '44444444444','20220520'),
                        (5, 'Lucas', '55555555555','20220420');
#ID, Nome, CPF, Matricula

INSERT INTO Diretor VALUES(1, 'Ana', '21111111111'),
						  (2, 'Josue', '22222222222'),
                          (3, 'Josias', '23333333333'),
                          (4, 'Daniel', '24444444444'),
                          (5, 'Ricardo', '25555555555');
#ID, Nome, CPF (nao faz sentido ter mais de 1 no meu contexto)

INSERT INTO Funcionario VALUES(1, 'Limpeza','Lucas','31111111111','1900'),
							  (2,'Financeiro','Vinicius','32222222222','2900'),
                              (3,'Limpeza','Andre','33333333333','1900'),
                              (4,'Segurança','Luisa','34444444444','2400'),
                              (5,'Segurança','Gabriela','35555555555','2400'),
                              (6,'Financeiro','Josue','36666666666','2600'),
                              (7,'Financeiro','Davi','37777777777','2800'),
                              (8,'Financeiro','Leandro','38888888888','2700'),
                              (9,'Segurança','Germano','39999999999','2200'),
                              (10,'Limpeza','Valter','30000000000','1700');
#ID, Cargo, Nome, CPF, Salario

INSERT INTO Faculdade VALUES('11111111/0001-01', 'UPFE', 'Rua Dezesseis', 'Afogados', 'PE', 1),
							('2222222/0001-02', 'UEPE', 'Rua Quinze De Novembro','Torre', 'PE', 2),
                            ('33333333/0001-03', 'UCPE', 'Rua 5', 'Santo Amaro', 'PE', 3),
                            ('44444444/0001-04', 'ULPE', 'Rua Tiradentes', 'Aflitos', 'PE', 4),
                            ('555555555/0001-05', 'ULTE', 'Rua Sao Pedro', 'Boa Viagem', 'PE', 5);
#CNPJ, Nome, Rua, Bairro, Estado, IdDiretor

INSERT INTO Avaliacao VALUES(1, 6.3, "2022-02-06"),
							(2, 7.2, "2022-02-07"),
                            (3, 7.5, "2022-02-15"),
                            (4, 8.0, "2022-03-01"),
                            (5, 6.0, "2022-03-03"),
                            (6, 8.0, "2022-03-05"),
                            (7, 6.4, "2022-03-08"),
                            (8, 9.0, "2022-03-15"),
                            (9, 6.4, "2022-03-18"),
                            (10, 6.2, "2022-03-21"),
                            (11, 6.8, "2022-03-24"),
                            (12, 5.0, "2022-03-26"),
                            (13, 8.0, "2022-04-02"),
                            (14, 8.4, "2022-04-07"),
                            (15, 9.0, "2022-04-09");
#ID, NotaMedia, DiaProva

INSERT INTO Professor VALUES(1, 'Carlos', '41111111111'),
							(2, 'Priscila', '42222222222'),
                            (3, 'Henrique', '43333333333'),
                            (4, 'Francisco', '44444444444'),
                            (5, 'Diego', '45555555555'),
                            (6, 'Thiago', '46666666666');
#ID, Nome, CPF

INSERT INTO Disciplina VALUES(1,'InfraComunicacao', 7.5, 3),
							 (2,'BancoDados', 6.5, 4),
                             (3,'TeoriaComputacao', 8, 6 ),
                             (4,'FundamentosProjeto', 9, 5),
                             (5,'EstatisticaProbabilidade', 7.5, 2),
                             (6,'Projetos', 6, 1);
#ID, Nome, Media, IdProfessor


INSERT INTO Aplica VALUES(1, 1),
						 (3, 2),
                         (4, 3),
                         (6, 4),
                         (2, 5),
                         (5, 6),
                         (4, 7),
                         (4, 8),
                         (5, 9),
                         (6, 10),
                         (3, 11),
                         (2, 12),
                         (2, 13),
                         (1, 14),
                         (4, 15);
#IdProfessor, IdAvaliacao

INSERT INTO Ensina VALUES('11111111/0001-01', 1),
						 ('2222222/0001-02', 1),
						 ('33333333/0001-03', 1),
						 ('11111111/0001-01', 2),
                         ('2222222/0001-02', 2),
                         ('33333333/0001-03', 3),
                         ('44444444/0001-04', 3),
                         ('44444444/0001-04', 4),
                         ('2222222/0001-02', 5),
                         ('555555555/0001-05', 6);
#CNPJ, IdProfessor

INSERT INTO Estuda VALUES(1, '11111111/0001-01'),
						 (1,'555555555/0001-05'),
						 (2, '11111111/0001-01'),
                         (2, '2222222/0001-02'),
                         (3, '2222222/0001-02'),
                         (3, '33333333/0001-03'),
                         (4, '33333333/0001-03'),
                         (4, '44444444/0001-04'),
                         (5,'555555555/0001-05');
#IdAluno, CNPJ

INSERT INTO Matricula VALUES(1, 3),
							(2, 4),
                            (3, 2),
                            (3, 5),
                            (5, 1),
                            (2, 1),
                            (4, 5),
                            (6, 3),
                            (6, 2),
                            (6, 4);
#IdDisciplina, IdAluno

INSERT INTO Pagamento VALUES(2, 1),
							(2, 3),
							(2, 4),
                            (2, 5),
                            (6, 2),
                            (6, 10),
                            (7, 1),
                            (7, 9),
                            (8, 3),
                            (8, 2);
#IdFuncionarioFinanceiro, IdFuncionario

INSERT INTO Possui VALUES('11111111/0001-01', 1),
						 ('11111111/0001-01', 2),
                         ('11111111/0001-01', 3),
                         ('11111111/0001-01', 4),
                         ('11111111/0001-01', 5),
                         ('2222222/0001-02', 1),
						 ('2222222/0001-02', 2),
                         ('2222222/0001-02', 3),
                         ('2222222/0001-02', 4),
                         ('2222222/0001-02', 5),
                         ('2222222/0001-02', 6),
						 ('33333333/0001-03', 1),
						 ('33333333/0001-03', 2),
                         ('33333333/0001-03', 3),
                         ('33333333/0001-03', 4),
                         ('33333333/0001-03', 5),
                         ('33333333/0001-03', 6),
                         ('44444444/0001-04', 1),
						 ('44444444/0001-04', 2),
                         ('44444444/0001-04', 3),
                         ('44444444/0001-04', 4),
                         ('44444444/0001-04', 5),
                         ('555555555/0001-05', 1),
						 ('555555555/0001-05', 2),
                         ('555555555/0001-05', 3),
                         ('555555555/0001-05', 4),
                         ('555555555/0001-05', 5);
#CNPJ, IdDisciplina

INSERT INTO Prova VALUES(1,0),
						(2,1),
                        (3,1),
                        (4,0),
                        (5,1);
#IdProva, IdAvaliacaoPro, Presencial

INSERT INTO Realiza VALUES(1,1),
						  (2,1),
						  (3,2),
                          (4,2),
                          (4,3),
                          (1,4),
                          (5,4),
                          (2,5),
                          (3,5),
                          (2,6),
                          (3,6),
                          (4,7),
                          (4,8),
                          (2,9),
                          (3,9),
                          (1,10),
                          (5,10),
                          (3,11),
                          (4,11),
                          (1,12),
                          (2,12),
                          (2,13),
                          (3,13),
                          (3,14),
                          (4,14),
                          (4,15);
#IdAluno, IdAvaliacao

INSERT INTO Seminario VALUES(6),
							(7),
                            (8),
                            (9),
                            (10);
#IdAvaliacaoSem

INSERT INTO Trabalha VALUES(1, '11111111/0001-01'),
						   (2, '11111111/0001-01'),
                           (4, '11111111/0001-01'),
						   (2, '2222222/0001-02'),
                           (3, '2222222/0001-02'), 
                           (5, '2222222/0001-02'), 
                           (6, '33333333/0001-03'),
                           (10, '33333333/0001-03'),
                           (1, '44444444/0001-04'),
                           (7, '44444444/0001-04'),
                           (9, '44444444/0001-04'),
                           (3, '555555555/0001-05'),
                           (8, '555555555/0001-05');
#IdFuncionario, CNPJ

INSERT INTO Trabalho VALUES(11,0),
						   (12,1),
                           (13,1),
                           (14,0),
                           (15,1);
#IdAvaliacaoTrab, Apresentacao
